Date,ALL,é¿å¯çƒê∂éYêîB,é¿å¯çƒê∂éYêîB_7ïΩãœ,é¿å¯çƒê∂éYêîB_7TMA,é¿å¯çƒê∂éYêîN,é¿å¯çƒê∂éYêîN_7ïΩãœ,é¿å¯çƒê∂éYêîN_dì˙å„,é¿å¯çƒê∂éYêîNïΩãœ_dì˙å„,ä¥êıé“_7ì˙ïΩãœ,ä¥êıé“_TMA,dI(t)/dt
2022/1/1,466.0,1.1672914714151827,1.2570586845328662,1.3476418126117895,1.1539727884052549,1.1856804754219128,1.2728421563552863,1.3656514307756924,,,
2022/1/2,432.0,1.1657339647008178,1.3574636792766313,1.4569646703959285,1.1691760322415574,1.2196116068177167,1.4020642354758903,1.4763968052139735,,,
2022/1/3,788.0,1.350461661983139,1.5499145611127767,1.5815737085876675,1.2306479662907928,1.2801195178919345,1.576697109842413,1.6001561352489042,,,
2022/1/4,1094.0,1.5180945347119643,1.7497599780761754,1.703896661683486,1.2728421563552863,1.3656514307756924,1.7541597268186515,1.7089203999495226,2372.4285714285716,,
2022/1/5,2788.0,1.9179548156956008,1.9208939081876584,1.8136629846142829,1.4020642354758903,1.4763968052139735,1.929190409473224,1.8048548783193128,3548.8571428571427,,
2022/1/6,4486.0,2.5548528338603744,2.034646766691504,1.899818929713508,1.576697109842413,1.6001561352489042,2.0354913424860714,1.8679912066936235,4654.714285714285,,
2022/1/7,6553.0,2.57393056416615,2.057539053906789,1.9409515009863176,1.7541597268186515,1.7089203999495226,1.9919978191951224,1.8898266633955765,5361.285714285715,5716.326530612244,1476.6530612244896
2022/1/8,8701.0,2.365228982195563,2.0254229450484456,1.93405317510898,1.929190409473224,1.8048548783193128,1.9443835049438167,1.869994426412312,6019.857142857143,7192.979591836734,1736.8367346938785
2022/1/9,8173.0,1.9620039742277355,1.9605552949712093,1.8858358996654532,2.0354913424860714,1.8679912066936235,1.8440185340960649,1.8129063825225,7848.285714285715,8929.816326530612,1959.8571428571431
2022/1/10,5734.0,1.5107076724901376,1.8378425600224435,1.8108319026573867,1.9919978191951224,1.8898266633955765,1.729545306756083,1.7336044419449137,10208.857142857143,10889.673469387755,2091.5714285714294
2022/1/11,5704.0,1.293281772703557,1.7014716969348072,1.7277163267337483,1.9443835049438167,1.869994426412312,1.6153340679358,1.6571354131930158,12709.0,12981.244897959185,2707.142857142857
2022/1/12,15587.0,1.4638812651549469,1.5833729800829752,1.6505299318242526,1.8440185340960649,1.8129063825225,1.529574102244541,1.5938650984916654,15706.714285714286,15688.387755102041,3131.5510204081656
2022/1/13,21010.0,1.695863689219013,1.509618787635036,1.5831084213697353,1.729545306756083,1.7336044419449137,1.4803777584429672,1.5395213986520824,18373.714285714286,18819.938775510207,3461.9387755102034
2022/1/14,24054.0,1.6193345225526958,1.4757300224413217,1.5267580479080092,1.6153340679358,1.6571354131930158,1.4567146179318395,1.494648748250292,20002.285714285714,22281.87755102041,3749.7551020408137
2022/1/15,29685.0,1.538537964232739,1.485118180681975,1.4835486551855268,1.529574102244541,1.5938650984916654,1.501491302034361,1.460628011646568,24969.85714285714,26031.632653061224,4026.897959183676
2022/1/16,26842.0,1.445724627092162,1.4886047217895884,1.4518208667250565,1.4803777584429672,1.5395213986520824,1.4636126352189842,1.4337303213441737,29769.14285714286,30058.5306122449,4195.4081632653
2022/1/17,17134.0,1.2734863161341374,1.4433899457903614,1.4261347063279273,1.4567146179318395,1.494648748250292,1.4154367539435526,1.4099146511726437,34442.42857142857,34253.9387755102,4289.918367346945
2022/1/18,40477.0,1.358998880388132,1.3990059478774282,1.4025615957999211,1.501491302034361,1.460628011646568,1.3771889117097305,1.387449162627213,38957.28571428572,38543.857142857145,4448.897959183676
2022/1/19,49182.0,1.488287052908239,1.361278460859683,1.373898993141086,1.4636126352189842,1.4337303213441737,1.3412902701277802,1.352991132631711,43895.0,42992.75510204082,4419.428571428565
2022/1/20,53723.0,1.3793602572244248,1.3298156648551325,1.339127011227753,1.4154367539435526,1.4099146511726437,1.313668067242258,1.3190168040981487,47741.57142857143,47412.183673469386,4409.653061224482
2022/1/21,55658.0,1.308646537162162,1.3107182487452802,1.3064175266042912,1.3771889117097305,1.387449162627213,1.2994561981138235,1.2883249061847493,50031.71428571428,51821.83673469387,4364.714285714297
2022/1/22,64249.0,1.2744455551085248,1.2844799620701275,1.2767098618392425,1.3412902701277802,1.352991132631711,1.2602850920658475,1.260141017591587,56112.142857142855,56186.551020408166,4338.795918367345
2022/1/23,53768.0,1.2254850550603045,1.2452008483962589,1.2495896707755476,1.313668067242258,1.3190168040981487,1.225792335484048,1.2345452546128983,60705.142857142855,60525.34693877551,4293.469387755096
2022/1/24,33165.0,1.1398044033651733,1.2144235534261294,1.2247950660601232,1.2994561981138235,1.2883249061847493,1.2005934685497568,1.2111227470002013,65310.0,64818.81632653061,4143.2653061224555
2022/1/25,83040.0,1.1753308736620676,1.1910522945220858,1.2011857403025223,1.2602850920658475,1.260141017591587,1.1799016915575944,1.1882795259537906,69510.28571428571,68962.08163265306,3713.0
2022/1/26,81333.0,1.213333257191153,1.171437123413819,1.1788764890536672,1.225792335484048,1.2345452546128983,1.1621199292769602,1.167507840558139,74266.57142857143,72675.08163265306,3410.1428571428696
2022/1/27,85957.0,1.1639191924335195,1.1562534318471611,1.159255734309355,1.2005934685497568,1.2111227470002013,1.1497105139533788,1.1494494497906127,77795.85714285714,76085.22448979593,3002.2653061224264
2022/1/28,85060.0,1.1450477248338573,1.1454529684420751,1.1417360753823351,1.1799016915575944,1.1882795259537906,1.139553650788949,1.132646476169637,79034.57142857143,79087.48979591836,2599.4081632653106
2022/1/29,97543.0,1.1371393573506574,1.12831520332814,1.12535027685694,1.1621199292769602,1.167507840558139,1.114883294296286,1.1167590744620333,82103.14285714286,81686.89795918367,1988.8775510203996
2022/1/30,78473.0,1.1191992140937004,1.1078555651860744,1.109408278433062,1.1497105139533788,1.1494494497906127,1.0993836001113648,1.100787055088777,84576.14285714286,83675.77551020407,1416.8979591836978
2022/1/31,41836.0,1.064201159529571,1.0917859409369897,1.093204603285763,1.139553650788949,1.132646476169637,1.0829726532029282,1.0843825184546474,86325.85714285714,85092.67346938777,1236.2040816326335
2022/2/1,104520.0,1.0553665178645208,1.0763517048443196,1.077117751099385,1.114883294296286,1.1167590744620333,1.0686898796043662,1.0687506592712437,87706.14285714286,86328.8775510204,794.0816326530767
2022/2/2,98644.0,1.0701157901966951,1.0598431344466752,1.0623370237515757,1.0993836001113648,1.100787055088777,1.0503157936641672,1.0550377746806496,88188.71428571429,87122.95918367348,395.16326530612423
2022/2/3,98205.0,1.0514318226899266,1.042827705816067,1.0489677071637438,1.0829726532029282,1.0843825184546474,1.0348787575144691,1.0421597462563623,87714.14285714286,87518.1224489796,61.42857142856519
2022/2/4,94722.0,1.037008072185165,1.03284500313743,1.0366335332716086,1.0686898796043662,1.0687506592712437,1.0301306365051237,1.0305094607039067,87688.0,87579.55102040817,-264.3469387755031
2022/2/5,100921.0,1.0215793645671467,1.0248501118934707,1.0254016351939357,1.0503157936641672,1.0550377746806496,1.018893102162128,1.0198289077615157,87661.71428571429,87315.20408163266,-1573.5714285714348
2022/2/6,75151.0,1.0000912136794458,1.0142703490712537,1.013833637265471,1.0348787575144691,1.0421597462563623,1.0092374011413543,1.0072977083764765,87342.28571428571,85741.63265306123,-1442.8775510203996
2022/2/7,41653.0,0.9943222407791084,1.005446723692044,1.0027354729095626,1.0301306365051237,1.0305094607039067,1.001420654335739,0.9974080070845966,86755.85714285714,84298.75510204083,-1518.326530612234
2022/2/8,104336.0,0.9994022791568064,0.997728418300607,0.9931491349019876,1.018893102162128,1.0198289077615157,0.9939260090076258,0.9879261333405278,85855.71428571429,82780.4285714286,-1601.4489795918635
2022/2/9,96408.0,0.9960574504411746,0.978867148947424,0.9844114685671423,1.0092374011413543,1.0072977083764765,0.9625973979688952,0.9797500685326276,77173.71428571429,81178.97959183673,-1623.1020408163313
2022/2/10,94100.0,0.989666445035461,0.9651405553247088,0.9769798615638235,1.001420654335739,0.9974080070845966,0.9656508484713096,0.9728541473008387,77614.0,79555.8775510204,-1694.408163265296
2022/2/11,88421.0,0.982979934445106,0.965740637084405,0.9706041464906162,0.9939260090076258,0.9879261333405278,0.9637575202966424,0.9667750283084116,77059.71428571429,77861.4693877551,-1879.8979591836687
2022/2/12,40147.0,0.8895504790948655,0.9636864475495548,0.964796283410771,0.9625973979688952,0.9797500685326276,0.961660648506827,0.9610107661807502,76451.57142857143,75981.57142857143,114.53061224489647
2022/2/13,78233.0,0.904005058320438,0.9622491000480208,0.9647763462345552,0.9656508484713096,0.9728541473008387,0.960965952518832,0.9667764489889568,75980.57142857143,76096.10204081633,-318.3469387755031
2022/2/14,37773.0,0.9985228130969834,0.9608167181795944,0.9694313580306324,0.9637575202966424,0.9667750283084116,0.958866821388749,0.9704993472003788,74895.0,75777.75510204083,-396.8571428571595
2022/2/15,100079.0,0.9850229524128564,0.9570733767416888,0.9730640510662724,0.961660648506827,0.9610107661807502,0.9535761741139956,0.9741860724851946,72696.42857142857,75380.89795918367,-653.2448979591718
2022/2/16,93111.0,0.985996017930436,0.978727588713914,0.9763465262608182,0.960965952518832,0.9667764489889568,1.0029571776263413,0.9771678126488162,77975.42857142857,74727.6530612245,-772.2244897959317
2022/2/17,86501.0,0.9796397719564768,0.997725637897249,0.9791017494286908,0.958866821388749,0.9704993472003788,0.9917111359512618,0.9797633281615904,75385.57142857143,73955.42857142857,-1665.4285714285652
2022/2/18,73031.0,0.9567765443797662,0.9911694883338856,0.980023479105798,0.9535761741139956,0.9741860724851946,0.9895645972903568,0.9788977420603526,74281.71428571429,72290.0,-1368.5714285714348
2022/2/19,77100.0,1.0411299629004416,0.9866637739113748,0.980205289087022,1.0029571776263413,0.9771678126488162,0.982532829652178,0.97987679963833,71878.85714285714,70921.42857142857,-2154.5714285714203
2022/2/20,60104.0,1.0369914026037828,0.9815356622231288,0.9763433741145586,0.9917111359512618,0.9797633281615904,0.9791345611082491,0.9709447733213892,70575.0,68766.85714285714,-1905.857142857145
2022/2/21,30046.0,0.9526297661534404,0.9672688259193464,0.968665949592044,0.9895645972903568,0.9788977420603526,0.9528077186800848,0.9643965266321322,63237.0,66861.0,-1776.8367346938685
2022/2/22,83259.0,0.9534829514552804,0.9583460466102558,0.962551283989912,0.982532829652178,0.97987679963833,0.960429577159837,0.9586000596375654,63116.42857142857,65084.16326530613,-1561.3469387755176
2022/2/23,83984.0,0.9500992361127136,0.9516941839066698,0.9576693968400726,0.9791345611082491,0.9709447733213892,0.9404329934077564,0.9545193831985568,62893.42857142857,63522.816326530614,-1620.4897959183654
2022/2/24,35135.0,0.8797719178299996,0.9439836662396468,0.9536764388021944,0.9528077186800848,0.9643965266321322,0.9458734091264628,0.9505243442967052,62044.57142857143,61902.32653061225,-43.59183673468942
2022/2/25,72187.0,0.8943170892161327,0.94836682911896,0.9548390262850232,0.960429577159837,0.9586000596375654,0.9489893283283908,0.9570688039294604,61843.857142857145,61858.73469387756,-362.5918367346967
2022/2/26,75539.0,0.99456692397534,0.9524905638625,0.959897099333328,0.9404329934077564,0.9545193831985568,0.9539680945791176,0.9610562170442122,60949.42857142857,61496.14285714286,-644.6938775510207
2022/2/27,54162.0,0.983017778934622,0.9535849559579824,0.9645403817686946,0.9458734091264628,0.9505243442967052,0.9511692887952872,0.9665587646473988,59231.57142857143,60851.44897959184,-690.1836734693934
2022/2/28,28641.0,0.983311906308631,0.9754069382991478,0.969498110895887,0.9489893283283908,0.9570688039294604,0.9986189361093692,0.9710203080751476,62931.857142857145,60161.26530612245,-785.4693877550962
2022/3/1,76998.0,0.98234909466006,0.9937525579483896,0.9734588699557534,0.9539680945791176,0.9610562170442122,0.9883414689631012,0.974557278924225,60578.28571428572,59375.79591836735,-894.5510204081729
2022/3/2,71959.0,0.9577599807810916,0.984197160954236,0.9762898161906304,0.9511692887952872,0.9665587646473988,0.9789508266300624,0.9767762731160587,58380.57142857143,58481.24489795918,-823.4897959183654
2022/3/3,61037.0,1.0325257942181574,0.9786877701299936,0.9787839054328556,0.9986189361093692,0.9710203080751476,0.9771042131207048,0.9796335466237276,57213.28571428572,57657.755102040814,-1487.2653061224482
2022/3/4,55712.0,1.022736426760825,0.9760921425380248,0.9766882615121466,0.9883414689631012,0.974557278924225,0.973748124271932,0.972637085952619,56345.57142857143,56170.489795918365,-1289.142857142855
2022/3/5,60155.0,0.9276791450162648,0.9723071875066396,0.9707776772746072,0.9789508266300624,0.9767762731160587,0.9695010539219542,0.9678682743244176,54687.57142857143,54881.34693877551,-1109.6734693877515
2022/3/6,45991.0,0.9444520431649248,0.9710435806535588,0.9669666356519624,0.9771042131207048,0.9796335466237276,0.97117020334897,0.9651649108408163,53467.142857142855,53771.67346938776,-1025.857142857145
2022/3/7,22567.0,0.9651425131648492,0.9607374308541842,0.964473786146275,0.973748124271932,0.972637085952619,0.9496437114116076,0.9630651052980876,52521.0,52745.816326530614,-920.3673469387722
2022/3/8,65392.0,0.9558544094403648,0.9523784682856132,0.962776888608204,0.9695010539219542,0.9678682743244176,0.954959787565691,0.9619443337499192,51554.28571428572,51825.44897959184,-781.7346938775445
2022/3/9,63416.0,0.9489147328095248,0.9575198695957228,0.9621884334219982,0.97117020334897,0.9651649108408163,0.9600272822448556,0.9620622555921262,50612.857142857145,51043.7142857143,-725.4081632653179
2022/3/10,54414.0,0.9603827456225364,0.9612378235901816,0.962204006463786,0.9496437114116076,0.9630651052980876,0.962405574321602,0.9621652971211458,50032.28571428572,50318.30612244898,-709.061224489793
2022/3/11,48945.0,0.9642236887808266,0.9642138597715284,0.9638129383432856,0.954959787565691,0.9619443337499192,0.9659027234347546,0.9653640546916994,49903.0,49609.244897959186,-729.0816326530694
2022/3/12,53565.0,0.9636689541870328,0.9681880012031993,0.9665285447534748,0.9600272822448556,0.9620622555921262,0.970326506817402,0.9676062722830048,49215.42857142857,48880.16326530612,-814.897959183676
2022/3/13,41927.0,0.970477721126136,0.9711525919460748,0.9681143619140224,0.962405574321602,0.9621652971211458,0.9718914940521068,0.9685184008732816,48389.28571428572,48065.26530612244,-902.306122448972
2022/3/14,21662.0,0.985974766434277,0.97199995401068,0.968570101850474,0.9659027234347546,0.9653640546916994,0.9720350144054828,0.9684856653888568,47557.57142857143,47162.95918367347,-926.836734693883
2022/3/15,60579.0,0.9836733994620616,0.9713877131569384,0.9682082522617188,0.970326506817402,0.9676062722830048,0.9706553107048306,0.9677837159014654,46450.71428571428,46236.122448979586,-1738.2244897959172
2022/3/16,57633.0,0.969666868009653,0.9686205897195554,0.9644988844514087,0.9718914940521068,0.9685184008732816,0.9664121823767916,0.960888906561622,44908.57142857143,44497.89795918367,-1706.0816326530621
2022/3/17,48592.0,0.9663142800747732,0.9644280031453418,0.9577093968356952,0.9720350144054828,0.9684856653888568,0.9621764259306296,0.9537919641862708,43716.142857142855,42791.81632653061,-1541.1428571428478
2022/3/18,41197.0,0.959938002804635,0.9616809126502408,0.9513330248449644,0.9706553107048306,0.9677837159014654,0.9609890770230142,0.9476627819740476,43415.142857142855,41250.67346938776,-1330.9591836734762
2022/3/19,42770.0,0.9442990901253518,0.9422224265310312,0.9462465499598612,0.9664121823767916,0.960888906561622,0.9220628414384991,0.943003855946843,37047.857142857145,39919.71428571428,-1041.8367346938758
2022/3/20,33580.0,0.9411296151066414,0.92362617863608,0.9431617651598904,0.9621764259306296,0.9537919641862708,0.922212897424648,0.9407492377551115,36446.71428571428,38877.87755102041,-789.1836734693861
2022/3/21,19555.0,0.9667451329685712,0.9273653500755632,0.9424587365503596,0.9609890770230142,0.9476627819740476,0.9291307389199202,0.940743581417368,36769.57142857143,38088.69387755102,-736.9591836734689
2022/3/22,16008.0,0.8474639966275943,0.9357823889612176,0.9431744356006992,0.9220628414384991,0.943003855946843,0.938042828514398,0.9412456293134588,37134.0,37351.73469387755,972.5102040816346
2022/3/23,53425.0,0.8394931327449935,0.9470270961197575,0.9528092785080104,0.922212897424648,0.9407492377551115,0.9506298550346718,0.95943335361742,37615.71428571428,38324.244897959186,1085.020408163262
2022/3/24,50852.0,0.992488480151156,0.9595068028786272,0.9714626565308402,0.9291307389199202,0.940743581417368,0.9621368315664238,0.9784846267880328,38191.857142857145,39409.26530612245,1014.6530612244896
2022/3/25,43748.0,1.0188572750042135,0.966690806002618,0.9897429415365598,0.938042828514398,0.9412456293134588,0.9645034122956494,0.9960023023318002,38256.42857142857,40423.91836734694,1011.4489795918344
2022/3/26,46142.0,1.0230120402351324,1.0096663268822097,1.0065157840088417,0.9506298550346718,0.95943335361742,1.0493769115662293,1.012156819014787,43855.42857142857,41435.36734693877,1012.5306122448965
2022/3/27,37613.0,1.0284875624187306,1.054199824795888,1.0215992984503344,0.9621368315664238,0.9784846267880328,1.0555718096189366,1.0264324065294683,44041.857142857145,42447.89795918367,961.795918367352
2022/3/28,20007.0,1.0170331548365046,1.0553273451156011,1.034646469269987,0.9645034122956494,0.9960023023318002,1.0517544677262929,1.0386244547091006,43872.142857142855,43409.69387755102,949.6734693877515
2022/3/29,55201.0,1.1482926427847373,1.0531922862671894,1.0464113693016452,1.0493769115662293,1.012156819014787,1.0511244452953048,1.050386913530038,44214.142857142855,44359.36734693877,165.08163265306212
2022/3/30,54730.0,1.151227618140742,1.0526116972102078,1.049049856206676,1.0555718096189366,1.0264324065294683,1.050558967637442,1.0443985901686286,44703.42857142857,44524.448979591834,197.71428571429715
2022/3/31,49664.0,1.0003811223891488,1.0508369986161967,1.0424772471176855,1.0517544677262929,1.0386244547091006,1.047481168823849,1.0377282569847068,44924.42857142857,44722.16326530613,291.67346938775154
2022/4/1,46142.0,1.0039118630653308,1.0490451062242248,1.0361451446455476,1.0511244452953048,1.050386913530038,1.0468406240422117,1.0322035077785243,44904.142857142855,45013.83673469388,306.5306122448965
2022/4/2,49567.0,1.0189479168362612,1.0281357352174234,1.0304578284139656,1.050558967637442,1.0443985901686286,1.007458648036364,1.0268474236591825,45011.0,45320.36734693878,309.12244897960045
2022/4/3,39160.0,1.0160646722606534,1.008191561172957,1.024890548953018,1.047481168823849,1.0377282569847068,1.0088794773314853,1.021567177024773,45425.857142857145,45629.48979591838,314.9183673469379
2022/4/4,19865.0,1.0044899080927,1.0110026278106334,1.0195874704003944,1.0468406240422117,1.0322035077785243,1.0130812232830153,1.0167528510276431,45913.857142857145,45944.40816326532,341.89795918366144
2022/4/5,55949.0,1.0019270457371268,1.0133810726461168,1.0146360496033258,1.007458648036364,1.0268474236591825,1.0136318564599112,1.0121965564851063,46359.857142857145,46286.30612244898,424.8163265306066
2022/4/6,57634.0,1.011618399829478,1.0136407409835742,1.013002965331082,1.0088794773314853,1.021567177024773,1.0135972411965737,1.013766295710458,46867.28571428572,46711.122448979586,384.55102040816564
2022/4/7,53080.0,1.0200585888528837,1.0137154487478324,1.014335880120455,1.0130812232830153,1.0167528510276431,1.0137808868439409,1.0148669812691251,47128.857142857145,47095.67346938775,245.00000000000728
2022/4/8,49264.0,1.020560976913715,1.014385160644743,1.0147065070026386,1.0136318564599112,1.0121965564851063,1.014946562244455,1.0145029142916864,47297.42857142857,47340.67346938776,81.44897959183436
2022/4/9,53119.0,1.0207655951984618,1.0167041453117178,1.0138139990888837,1.0135972411965737,1.013766295710458,1.018446822613825,1.0130552842447398,47984.71428571428,47422.12244897959,-179.53061224490375
2022/4/10,40991.0,1.0165876266104603,1.0175219646985665,1.011595806598498,1.0137808868439409,1.0148669812691251,1.0165842762421564,1.010007714532848,48117.71428571428,47242.59183673469,-390.95918367346894
2022/4/11,21045.0,1.0091778913710752,1.013597015985919,1.007924796099823,1.014946562244455,1.0145029142916864,1.0105327544409426,1.0056180104927133,47628.857142857145,46851.63265306122,-526.306122448972
2022/4/12,60760.0,1.0181599384059508,1.0071335172498324,1.0030771356388657,1.018446822613825,1.0130552842447398,1.0034984461312857,1.00021087480016,46930.0,46325.32653061225,-864.3265306122485
2022/4/13,58565.0,1.0173431355374198,0.9981133935508756,0.9963977087750252,1.0165842762421564,1.010007714532848,0.9922642532133328,0.9921791486921424,45610.57142857143,45461.0,-1070.2244897959245
2022/4/14,49658.0,0.9925839478643496,0.9880183752571066,0.9878497216772046,1.0105327544409426,1.0056180104927133,0.9830529585629972,0.983066615163584,44392.142857142855,44390.775510204076,-1126.8367346938758
2022/4/15,44372.0,0.9753164857611096,0.980451537418041,0.9789463170627244,1.0034984461312857,1.00021087480016,0.9770966123965809,0.9743598082979468,43613.28571428572,43263.9387755102,-1111.3877551020341
2022/4/16,43883.0,0.957624729305763,0.9699481572648344,0.9707286315533608,0.9922642532133328,0.9921791486921424,0.9622247398577,0.9666503840600076,41934.42857142857,42152.551020408166,-931.795918367352
2022/4/17,32462.0,0.9459224985540776,0.9576860550138232,0.964329002030028,0.9830529585629972,0.983066615163584,0.9527965415422496,0.9615934012710272,40626.142857142855,41220.755102040814,-729.3061224489793
2022/4/18,15593.0,0.9562100264976164,0.951273183684557,0.9605464065375048,0.9770966123965809,0.9743598082979468,0.9495851063814807,0.9591139486328316,39741.0,40491.448979591834,-595.8163265306066
2022/4/19,49008.0,0.944636277333505,0.9496097186842876,0.9589235854394442,0.9622247398577,0.9666503840600076,0.9495324764657114,0.9583415158611366,39150.28571428572,39895.63265306123,-382.897959183676
2022/4/20,49407.0,0.9315084197803422,0.9533159868875452,0.9599140510245182,0.9527965415422496,0.9615934012710272,0.9568653736904712,0.9610673344833556,39088.0,39512.73469387755,-276.02040816326917
2022/4/21,43462.0,0.9476938485594856,0.9615402068094464,0.9636667110497638,0.9495851063814807,0.9591139486328316,0.9656967900956286,0.9658355999880976,39287.0,39236.71428571428,-247.4285714285652
2022/4/22,40237.0,0.9636722307592226,0.9690917897316168,0.9687556203385964,0.9495324764657114,0.9583415158611366,0.9716895829947156,0.9712304637737084,39442.57142857143,38989.28571428572,-273.89795918368327
2022/4/23,43447.0,0.9835686067285676,0.9768814163603506,0.9740529833485916,0.9568653736904712,0.9610673344833556,0.9813054702132312,0.976405261409667,39254.142857142855,38715.387755102034,-829.5306122448892
2022/4/24,33855.0,1.0034920380073855,0.983954675190542,0.9766177635300172,0.9656967900956286,0.9658355999880976,0.9861744000754454,0.9761517804956475,38694.0,37885.857142857145,-1005.0612244898002
2022/4/25,16682.0,1.0090711069528098,0.9868955487063872,0.9752059669282716,0.9716895829947156,0.9712304637737084,0.9873491528807544,0.9732209154240228,38009.0,36880.795918367345,-1061.9591836734762
2022/4/26,47689.0,0.9991636637346414,0.9866912597542524,0.971749991919304,0.9813054702132312,0.976405261409667,0.9857560599174222,0.9689907716701054,37233.0,35818.83673469387,-1212.9795918367308
2022/4/27,45486.0,0.9810212315916812,0.9712694481575236,0.9662565231177128,0.9861744000754454,0.9761517804956475,0.9550910072923352,0.9620515424863728,33281.28571428572,34605.85714285714,-1635.5306122448965
2022/4/28,38667.0,0.9682799631704024,0.9516576305972276,0.9571027592307996,0.9873491528807544,0.9732209154240228,0.9451807345942552,0.9504022819533638,32251.571428571428,32970.32653061224,-1930.5918367346967
2022/4/29,34805.0,0.9622422080942782,0.9448999646688426,0.9440177835819898,0.9857560599174222,0.9689907716701054,0.9420785767172944,0.9353564166600776,32008.85714285714,31039.734693877544,-2145.9387755102
2022/4/30,15785.0,0.8756159255514672,0.9384271347492144,0.9279619334075282,0.9550910072923352,0.9620515424863728,0.9327308659271024,0.9177882637130392,30763.285714285714,28893.795918367345,-891.653061224486
2022/5/1,26647.0,0.8662093150853122,0.9198783279821492,0.9187679257697275,0.9451807345942552,0.9504022819533638,0.9046295763443816,0.9159733612527116,27245.285714285714,28002.14285714286,-468.9387755102034
2022/5/2,14983.0,0.9617674454541162,0.8953007191647184,0.9213149772156412,0.9420785767172944,0.9353564166600776,0.8820280958277515,0.919489942938398,24494.85714285714,27533.204081632655,-331.2040816326553
2022/5/3,38970.0,0.9538538542972436,0.8743003085330221,0.927608286341974,0.9327308659271024,0.9177882637130392,0.8627789892881536,0.9247282656391445,22211.428571428572,27202.0,68.448979591838
2022/5/4,20860.0,0.8511795842222242,0.9069113946929184,0.9373696349389892,0.9046295763443816,0.9159733612527116,0.9423866900700436,0.9349703573472918,27039.714285714286,27270.448979591838,1072.1428571428587
2022/5/5,19414.0,0.796236701448387,0.9694869907186228,0.9562959334334818,0.8820280958277515,0.919489942938398,0.9697968063940589,0.9588789332603536,28969.0,28342.591836734697,1856.693877551017
2022/5/6,18821.0,0.8152393336724046,0.9889531285531729,0.9869739087948654,0.8627789892881536,0.9247282656391445,0.9787468356225189,0.9942064351382266,29690.428571428572,30199.285714285714,2553.8163265306175
2022/5/7,49583.0,1.1038935286707414,1.0067565749283214,1.0275573877806408,0.9423866900700436,0.9349703573472918,1.004425507884134,1.04006271568766,31242.428571428572,32753.10204081633,1659.0408163265238
2022/5/8,40152.0,1.304238487265243,1.052362417443598,1.061993995973333,0.9697968063940589,0.9588789332603536,1.071989607735815,1.0636480452862789,34750.28571428572,34412.142857142855,1188.3673469387795
2022/5/9,20033.0,1.0980304102959668,1.1100465466944025,1.079856563290462,0.9787468356225189,0.9942064351382266,1.1293206089728618,1.0786468643443554,37491.71428571428,35600.510204081635,989.306122448972
2022/5/10,49834.0,1.0784779789232826,1.15838466143345,1.0918619035894748,1.004425507884134,1.04006271568766,1.1837729531341887,1.0905016059705093,40088.142857142855,36589.81632653061,645.4897959183727
2022/5/11,45415.0,1.1704204818291608,1.147967652041766,1.098886704616441,1.071989607735815,1.0636480452862789,1.1074839972603732,1.095490502916178,38653.0,37235.30612244898,79.91836734693061
2022/5/12,38604.0,1.200025606204017,1.0945249619385238,1.0951905798649733,1.1293206089728618,1.0786468643443554,1.0747885398005967,1.0858596126566014,37287.57142857143,37315.22448979591,-348.77551020407554
2022/5/13,36996.0,1.1536061368457402,1.0729905106462618,1.0787661979632388,1.1837729531341887,1.0905016059705093,1.0617300270055954,1.064663093512957,36615.57142857143,36966.448979591834,-759.5918367346894
2022/5/14,39537.0,1.030974462928952,1.0559301821170848,1.0519901881149312,1.1074839972603732,1.095490502916178,1.039347786503816,1.0327182605484608,35760.857142857145,36206.857142857145,-627.938775510207
2022/5/15,30594.0,0.9301396565425472,1.026489544183324,1.0256085464571092,1.0747885398005967,1.0858596126566014,1.0045733759187787,1.012520026093113,35309.71428571428,35578.91836734694,-509.5306122448892
2022/5/16,15329.0,0.947289251250134,0.9950758733822618,1.0076709351508033,1.0617300270055954,1.064663093512957,0.9809449749673516,0.997790516309576,35050.28571428572,35069.38775510205,-464.71428571429715
2022/5/17,43851.0,0.9590556792190428,0.9709525924952952,0.9933523107325936,1.039347786503816,1.0327182605484608,0.9601591223827148,0.9852244625896084,34771.0,34604.67346938775,-464.36734693877224
2022/5/18,42257.0,0.964336016292834,0.963296160437014,0.9815738258702892,1.0045733759187787,1.012520026093113,0.9660963560729396,0.9757661371234294,34257.42857142857,34140.30612244898,-553.4081632653106
2022/5/19,36788.0,0.980129910596582,0.9689616827943818,0.9735503956273728,0.9809449749673516,0.997790516309576,0.9716819713158382,0.970447455306675,33720.857142857145,33586.89795918367,-692.2448979591791
2022/5/20,35041.0,0.9847431706369756,0.972760139718794,0.9689727444845078,0.9601591223827148,0.9852244625896084,0.97376765096582,0.9672237990289038,33362.57142857143,32894.65306122449,-858.0204081632728
2022/5/21,35942.0,0.977379438520982,0.9734807880809544,0.966418626581513,0.9660963560729396,0.9757661371234294,0.9731395082405632,0.9653813205397996,32510.285714285714,32036.632653061217,-1007.163265306117
2022/5/22,26838.0,0.9697983130441212,0.970325532482908,0.9633947685889036,0.9716819713158382,0.970447455306675,0.9673426032014976,0.961122751304958,31435.85714285714,31029.4693877551,-1123.3265306122485
2022/5/23,12821.0,0.97387844972102,0.9630323153822068,0.9581152428297368,0.97376765096582,0.9672237990289038,0.9583793810229518,0.9547317768420174,30204.571428571428,29906.14285714285,-1162.8775510203996
2022/5/24,37885.0,0.9641002177541664,0.9530737671743322,0.9513373334737184,0.9731395082405632,0.9653813205397996,0.9472617729589884,0.9475071411617983,28764.85714285714,28743.265306122452,-1306.795918367352
2022/5/25,34736.0,0.9422492271065094,0.9421291544887486,0.9432200497311176,0.9673426032014976,0.961122751304958,0.9362863714290456,0.9384750365664268,27207.285714285714,27436.4693877551,-1395.3877551020341
2022/5/26,28169.0,0.9290773908916738,0.9320050024802136,0.9338562332965976,0.9583793810229518,0.9547317768420174,0.9269451500752556,0.9287318725079852,25857.571428571428,26041.081632653066,-1399.2244897959172
2022/5/27,24963.0,0.9150333331818532,0.9253147742266636,0.9244024040811268,0.9472617729589884,0.9475071411617983,0.9231952012042876,0.9195422970765488,25222.428571428572,24641.85714285715,-1336.8979591836833
2022/5/28,25039.0,0.9007671497218964,0.9166598018827504,0.9159751747764296,0.9362863714290456,0.9384750365664268,0.9099147760729616,0.9118835130712866,23362.714285714286,23304.959183673465,-1259.102040816324
2022/5/29,17390.0,0.8989292489843758,0.9047788174412676,0.9091203746702416,0.9269451500752556,0.9287318725079852,0.8991404547924046,0.9058677721197445,21668.14285714286,22045.85714285714,-1148.3673469387759
2022/5/30,8375.0,0.92704685194617,0.8968555108739104,0.9041050428633506,0.9231952012042876,0.9195422970765488,0.8940523530028982,0.9018871560111474,20410.0,20897.489795918365,-1093.612244897955
2022/5/31,24867.0,0.9035154113467732,0.8940831620414532,0.9006173529311435,0.9099147760729616,0.9118835130712866,0.8936502849221533,0.8988331077488027,19406.571428571428,19803.87755102041,-924.8367346938794
2022/6/1,22874.0,0.8590823360161308,0.8941455537454325,0.8992698649771532,0.8991404547924046,0.9058677721197445,0.8941761847682493,0.8990534526933238,18393.571428571428,18879.04081632653,-777.0
2022/6/2,19362.0,0.8736142449201719,0.8968976798319764,0.9009411451211526,0.8940523530028982,0.9018871560111474,0.899080837315077,0.902138613551404,17819.0,18102.04081632653,-667.5510204081656
2022/6/3,17939.0,0.895626891354655,0.9009009447012142,0.904931918404847,0.8936502849221533,0.8988331077488027,0.9018168633678744,0.9070462859378114,17567.14285714286,17434.489795918365,-589.5918367346931
2022/6/4,17948.0,0.9012038916497516,0.907227386204818,0.9102545383057352,0.8941761847682493,0.8990534526933238,0.9114571906846102,0.9128056355968404,16888.85714285714,16844.897959183672,-496.02040816326735
2022/6/5,13368.0,0.918194131590183,0.9164777784492636,0.91652666167562,0.899080837315077,0.902138613551404,0.9207365807989673,0.919634615200397,16229.142857142857,16348.877551020405,-444.3673469387759
2022/6/6,6612.0,0.9550697060308336,0.9247909238597714,0.9233124682762314,0.9018168633678744,0.9070462859378114,0.92840605970775,0.9264319813116249,15737.142857142857,15904.51020408163,-420.3265306122412
2022/6/7,20119.0,0.9478005018719986,0.9313415013476688,0.9300377014349922,0.9114571906846102,0.9128056355968404,0.9339657325353528,0.9331687509044952,15279.42857142857,15484.183673469388,-371.2244897959208
2022/6/8,18256.0,0.9238350817272506,0.9380504173346272,0.936344273686801,0.9207365807989673,0.919634615200397,0.9419790419931476,0.9391585766841472,14921.42857142857,15112.959183673467,-311.95918367346894
2022/6/9,15918.0,0.931806262793727,0.944398326036257,0.9420751875292128,0.92840605970775,0.9264319813116249,0.9466624000936708,0.9447036013900496,14708.42857142857,14800.999999999998,-263.0816326530603
2022/6/10,14735.0,0.9414809337699376,0.94797757681254,0.9474465209247738,0.9339657325353528,0.9331687509044952,0.948974250517967,0.9499408236939172,14624.857142857143,14537.918367346938,-214.85714285714312
2022/6/11,15442.0,0.9481663035584604,0.9513733919674782,0.952684011203896,0.9419790419931476,0.9391585766841472,0.9533859711421756,0.9552068600278611,14290.285714285714,14323.061224489795,-166.26530612244642
2022/6/12,11877.0,0.9626294925015896,0.9565941753461464,0.957818237459941,0.9466624000936708,0.9447036013900496,0.9595517537402836,0.960219073115961,14045.42857142857,14156.795918367348,-140.4285714285743
2022/6/13,6027.0,0.9801244614648156,0.9623902576286986,0.9627342085210536,0.948974250517967,0.9499408236939172,0.965066615834822,0.9650431603823938,13895.57142857143,14016.367346938774,-134.40816326530694
2022/6/14,17777.0,0.9715712079565652,0.9680039333015256,0.9674353444487104,0.9533859711421756,0.9552068600278611,0.9708279868729616,0.9696440765345749,13775.42857142857,13881.959183673467,-76.551020408162
2022/6/15,16542.0,0.960380565377928,0.9739900011269408,0.9722746630822456,0.9595517537402836,0.960219073115961,0.9770645336098456,0.9747517450945272,13757.57142857143,13805.408163265305,-26.306122448979295
2022/6/16,14869.0,0.972378838771593,0.9788101234640462,0.9774411173238472,0.965066615834822,0.9650431603823938,0.9804310109587008,0.979992418204584,13725.42857142857,13779.102040816326,20.489795918367236
2022/6/17,13894.0,0.980776663479729,0.9808855283061352,0.9827654904539124,0.9708279868729616,0.9696440765345749,0.9811806635832344,0.9854026593383176,13684.0,13799.591836734693,58.38775510204141
2022/6/18,15317.0,0.9900687783363662,0.9852486224022254,0.988155569957312,0.9770645336098456,0.9747517450945272,0.989139651061842,0.990768483205051,13754.42857142857,13857.979591836734,85.85714285714312
2022/6/19,11652.0,0.9963703488613266,0.9927593550373588,0.9933577283576912,0.9804310109587008,0.979992418204584,0.9962364655106808,0.9958008966057132,13861.285714285714,13943.836734693878,118.32653061224664
2022/6/20,5737.0,0.9946522953594384,0.9996608695391552,0.9984771122198391,0.9811806635832344,0.9854026593383176,1.0029383037709556,1.001008273564106,14039.0,14062.163265306124,154.1836734693843
2022/6/21,18270.0,1.0021128666291972,1.005734489825322,1.0039843760997489,0.989139651061842,0.990768483205051,1.0083887539400973,1.006829217322178,14184.142857142857,14216.346938775509,242.7551020408191
2022/6/22,17290.0,1.012955693823861,1.0104051099295948,1.0100872595404429,0.9962364655106808,0.9958008966057132,1.012291427414482,1.0132153377217985,14358.57142857143,14459.102040816328,361.0816326530603
2022/6/23,16113.0,1.0206894402841682,1.0146458104990834,1.0170999028187797,1.0029383037709556,1.001008273564106,1.0168826496674492,1.0207560363976194,14553.714285714286,14820.183673469388,476.40816326530694
2022/6/24,14910.0,1.023292005482897,1.0194363754655016,1.0252401211672582,1.0083887539400973,1.006829217322178,1.0219272698897397,1.0293056758428,14763.285714285714,15296.591836734695,623.448979591838
2022/6/25,16538.0,1.0227631190662745,1.027968806487085,1.0347263528031732,1.012291427414482,1.0132153377217985,1.033842493859183,1.039486890721686,15453.714285714286,15920.040816326533,768.8775510204086
2022/6/26,13018.0,1.0260552528477476,1.041847857985715,1.0458610231076162,1.0168826496674492,1.0207560363976194,1.049021356241428,1.0513335053391386,16388.85714285714,16688.91836734694,950.2040816326517
2022/6/27,7204.0,1.0281862501243657,1.056642397978505,1.058781405264123,1.0219272698897397,1.0293056758428,1.062785779887223,1.0651413822271096,17373.85714285714,17639.122448979593,1115.9183673469379
2022/6/28,23103.0,1.0618398837802818,1.0721381112767276,1.0733720111575713,1.033842493859183,1.039486890721686,1.0796572580922967,1.0804385943875396,18548.285714285714,18755.04081632653,1283.8979591836724
2022/6/29,23836.0,1.1101090543142738,1.0883478020606958,1.0885958997374563,1.049021356241428,1.0513335053391386,1.0952177297366497,1.0955952863247913,19740.714285714286,20038.938775510203,1598.489795918369
2022/6/30,23008.0,1.1242512202336932,1.1050884855946317,1.1041133094523192,1.062785779887223,1.0651413822271096,1.113537787883248,1.1114946971294908,21205.14285714286,21637.428571428572,1967.0204081632655
2022/7/1,23131.0,1.1317619985704572,1.121570616719639,1.1205776245950154,1.0796572580922967,1.0804385943875396,1.129007755012751,1.128447892943956,22574.714285714286,23604.448979591838,2349.2653061224482
2022/7/2,24885.0,1.1362309545540508,1.1345360265462798,1.1376263026490827,1.0952177297366497,1.0955952863247913,1.1399393374199436,1.1454756760601483,24441.0,25953.714285714286,2793.3673469387722
2022/7/3,23269.0,1.143240037585299,1.1504697259897565,1.1549206652222992,1.113537787883248,1.1114946971294908,1.1603172318743245,1.1629245648502418,27578.285714285714,28747.08163265306,3212.2653061224482
2022/7/4,16791.0,1.143561167999421,1.1718926039773785,1.1719728661427176,1.129007755012751,1.128447892943956,1.181458150588479,1.1794791462218288,31143.0,31959.346938775507,3431.571428571431
2022/7/5,36167.0,1.1525977525667628,1.1914788576551982,1.187532779682377,1.1399393374199436,1.1454756760601483,1.198851739905643,1.1939130627882235,34993.142857142855,35390.91836734694,3977.775510204083
2022/7/6,45797.0,1.22164495041861,1.2094083400732096,1.2021407286689687,1.1603172318743245,1.1629245648502418,1.2173599512673046,1.2085907815402503,39294.28571428572,39368.69387755102,4522.836734693883
2022/7/7,47961.0,1.274211366147048,1.224453892037563,1.2154862461633815,1.181458150588479,1.1794791462218288,1.229419857484358,1.2205645017817652,43691.0,43891.530612244904,5030.061224489793
2022/7/8,50082.0,1.2688657743151963,1.2304900114972543,1.22566625483149,1.198851739905643,1.1939130627882235,1.230045170977513,1.2291056704576424,46595.71428571428,48921.5918367347,5565.857142857138
2022/7/9,54993.0,1.2617373314801308,1.2367916694524208,1.232630987420204,1.2173599512673046,1.2085907815402503,1.24268336868413,1.234751494576674,52285.42857142857,54487.448979591834,6087.4693877551035
2022/7/10,54046.0,1.248558901335772,1.2438883484506476,1.2364764296508768,1.229419857484358,1.2205645017817652,1.2441332735649284,1.237057483608524,59238.142857142855,60574.91836734694,6510.469387755089
2022/7/11,37124.0,1.1858140042172618,1.2431526646541369,1.2373248177401637,1.230045170977513,1.2291056704576424,1.2412463313196198,1.236634518769647,66353.42857142857,67085.38775510203,6892.244897959201
2022/7/12,75995.0,1.1967093582529256,1.240231985776194,1.2367416803597315,1.24268336868413,1.234751494576674,1.2383725087388635,1.2359340212927756,73954.14285714286,73977.63265306123,5890.244897959172
2022/7/13,94466.0,1.2713217034061992,1.2363264356879216,1.2322161444177726,1.2441332735649284,1.237057483608524,1.2335018744902546,1.2270817051730565,81906.57142857143,79867.8775510204,6081.2653061224555
2022/7/14,97768.0,1.269061579571473,1.2303926086625694,1.2226384847924494,1.2412463313196198,1.236634518769647,1.2264591036122212,1.2161096379341327,89264.28571428571,85949.14285714286,6869.714285714275
2022/7/15,103287.0,1.2484210221695964,1.2264080498342302,1.2122411585485438,1.2383725087388635,1.2359340212927756,1.2251416886394109,1.2057194346863185,94841.42857142857,92818.85714285713,7658.367346938801
2022/7/16,110660.0,1.2343984808622226,1.2051129178587072,1.2023542286595217,1.2335018744902546,1.2270817051730565,1.180717155846097,1.1957443177470313,93517.14285714286,100477.22448979593,8364.69387755102
2022/7/17,105550.0,1.207022112158307,1.1768447310733872,1.1928813418003306,1.2264591036122212,1.2161096379341327,1.1673288028924609,1.186187482498103,101807.0,108841.91836734695,8761.897959183669
2022/7/18,76164.0,1.1579220924188884,1.1703713809467973,1.1837164427318545,1.2251416886394109,1.2057194346863185,1.168514908584921,1.1768610035494758,114441.42857142857,117603.81632653062,8993.142857142855
2022/7/19,66725.0,1.0476434344242618,1.1710234765530412,1.174416423685818,1.180717155846097,1.1957443177470313,1.1685466901638537,1.1670638626852612,127562.71428571429,126596.95918367348,11829.836734693861
2022/7/20,152495.0,1.0734443959089608,1.1700162276735828,1.170672827977499,1.1673288028924609,1.186187482498103,1.1666040277477563,1.1696258960314254,140459.42857142858,138426.79591836734,11812.14285714287
2022/7/21,186209.0,1.2237481286853442,1.1662383151832356,1.1729217307508175,1.168514908584921,1.1768610035494758,1.1611737509718314,1.172171032371796,150597.57142857142,150238.9387755102,10963.489795918373
2022/7/22,195136.0,1.2529856914133044,1.161307916511976,1.1732490055360467,1.1685466901638537,1.1670638626852612,1.156561702589909,1.1706572072197046,157793.42857142858,161202.42857142858,9625.204081632663
2022/7/23,200937.0,1.227347738706013,1.1789077479004713,1.1694757941012892,1.1666040277477563,1.1696258960314254,1.1986513892692472,1.1649807846056477,176326.0,170827.63265306124,8218.265306122426
2022/7/24,176517.0,1.1805767247258772,1.1925870504866185,1.161932745116646,1.1611737509718314,1.172171032371796,1.1851447572750542,1.1559019703680946,184492.0,179045.89795918367,7203.28571428571
2022/7/25,126535.0,1.1234093017200697,1.1726623044434008,1.1518808229066828,1.156561702589909,1.1706572072197046,1.1579181325202803,1.145164715223179,191185.85714285713,186249.18367346938,6443.3265306122485
2022/7/26,196453.0,1.1708422541437302,1.1446109965097384,1.140520741004014,1.1986513892692472,1.1649807846056477,1.1288117318654531,1.1334379422814178,194939.14285714287,192692.51020408163,4093.5102040816273
2022/7/27,209657.0,1.1691995140119904,1.1172148847810834,1.1235618509895695,1.1851447572750542,1.1559019703680946,1.103052328084885,1.1113394508795975,197987.2857142857,196786.02040816325,3746.28571428571
2022/7/28,233066.0,1.08427490638282,1.0958748597134915,1.1019822186253054,1.1579181325202803,1.145164715223179,1.0860129649574224,1.0904192119238512,201020.57142857142,200532.30612244896,2905.2040816326626
2022/7/29,221409.0,1.0566265358776687,1.081787343193294,1.082180385075307,1.1288117318654531,1.1334379422814178,1.074474291997582,1.072045528055254,202896.7142857143,203437.51020408163,2620.469387755118
2022/7/30,222274.0,1.0355749566054273,1.060195517799363,1.065478800129123,1.103052328084885,1.1113394508795975,1.043961949456508,1.0573620202065368,204980.57142857142,206057.97959183675,2292.408163265296
2022/7/31,197750.0,1.0311965492527335,1.0415296239367664,1.0522072757405765,1.0860129649574224,1.0904192119238512,1.0387030845848269,1.0458568653174187,210716.0,208350.38775510204,2036.8979591836687
2022/8/1,139668.0,1.0247966860786877,1.0340494695934102,1.041538692550253,1.074474291997582,1.072045528055254,1.0293023454400998,1.036393878411863,211522.2857142857,210387.2857142857,1731.2857142857101
2022/8/2,211040.0,1.0196994763862122,1.0276999018864557,1.032470149773253,1.043961949456508,1.0573620202065368,1.026027176924433,1.0281423483006986,213282.42857142858,212118.57142857142,1464.0204081632837
2022/8/3,249805.0,1.0385382569738155,1.0243142140612558,1.026079369871358,1.0387030845848269,1.0458568653174187,1.022516243861059,1.023867279826925,214034.14285714287,213582.5918367347,656.3469387755322
2022/8/4,238710.0,1.0319138259793263,1.0211947773812249,1.0215966239286989,1.0293023454400998,1.036393878411863,1.019772056618531,1.0192213773726546,215278.85714285713,214238.93877551024,570.938775510178
2022/8/5,233730.0,1.0121795619289875,1.0183075437542948,1.0175586804764063,1.026027176924433,1.0281423483006986,1.0167135812194312,1.0158013765402278,215015.7142857143,214809.8775510204,-1005.7551020407991
2022/8/6,227536.0,1.011875141829027,1.0154600584860982,1.0133197196792068,1.022516243861059,1.023867279826925,1.014036470140096,1.010719703492724,215228.7142857143,213804.12244897962,-2010.061224489822
2022/8/7,206463.0,1.0093604924925166,1.010150402338151,1.0078491129881078,1.019772056618531,1.0192213773726546,1.0061817674049327,1.0047543902929743,215310.42857142858,211794.0612244898,-2762.0408163265092
2022/8/8,137826.0,1.004586050690177,1.0057838654273656,1.0016141398305412,1.0167135812194312,1.0158013765402278,1.0053623396131113,0.9981400719125126,215518.85714285713,209032.02040816328,-2709.122448979644
2022/8/9,212531.0,0.9997670795088364,0.9980271763060582,0.9952987942184204,1.014036470140096,1.010719703492724,0.9904554655919074,0.992033043179348,206242.14285714287,206322.89795918364,-3685.6122448979295
2022/8/10,250377.0,1.001370663938184,0.9860199672235622,0.988716415739899,1.0061817674049327,1.0047543902929743,0.9807590514628104,0.9849101305209184,199963.7142857143,202637.2857142857,-4083.1020408163313
2022/8/11,240169.0,1.001348067603831,0.9775499652782578,0.9818940873743606,1.0053623396131113,0.9981400719125126,0.973471827955301,0.9783304856686388,195944.57142857142,198554.18367346938,-3799.8367346938467
2022/8/12,168793.0,0.9578827380798356,0.9741001244694486,0.9756131551688076,0.9904554655919074,0.992033043179348,0.9739643800872774,0.9722878331607164,196051.85714285713,194754.34693877553,-592.7346938775736
2022/8/13,183587.0,0.927824678251555,0.96938340913645,0.972979068046821,0.9807590514628104,0.9849101305209184,0.9641760815310878,0.9728242338860092,189429.42857142858,194161.61224489796,1725.8367346938467
2022/8/14,178329.0,0.9500704788753858,0.9623941037793816,0.9760313039113856,0.973471827955301,0.9783304856686388,0.9601242534389764,0.977987427021048,186728.7142857143,195887.4489795918,3275.489795918402
2022/8/15,138577.0,0.9804371650285124,0.9618173399884954,0.9830070217043618,0.9739643800872774,0.9722878331607164,0.9630637720576553,0.986366055153146,188920.0,199162.9387755102,3309.9795918367454
2022/8/16,166174.0,0.9667500721778464,0.9795885664521524,0.9915655772916644,0.9641760815310878,0.9728242338860092,0.9942102706689576,0.9947183306429912,202093.0,202472.91836734695,5120.163265306095
2022/8/17,231472.0,0.9524455264387046,1.007385618275515,1.0020730418703934,0.9601242534389764,0.977987427021048,1.0169014034080808,1.0070869335275636,212044.57142857142,207593.08163265305,5750.448979591834
2022/8/18,255508.0,0.9973107210676272,1.02637998982909,1.0152718986122986,0.9630637720576553,0.986366055153146,1.032122224879987,1.0209777513524254,218873.0,213343.53061224488,4731.469387755089
2022/8/19,261004.0,1.0822813233254354,1.0340100135805654,1.0283153889049694,0.9942102706689576,0.9947183306429912,1.0324303085161928,1.033002145646129,219221.7142857143,218074.99999999997,1449.061224489793
2022/8/20,253248.0,1.1224040410150933,1.042935661187553,1.0358151458134834,1.0169014034080808,1.0070869335275636,1.0507563017230948,1.035842193474492,225270.57142857142,219524.06122448976,-1464.8979591836396
2022/8/21,226128.0,1.083031079750412,1.0547861009727184,1.0349846359822337,1.032122224879987,1.0209777513524254,1.0573599782130096,1.0314188017107928,226981.85714285713,218059.16326530612,-3835.0816326530767
2022/8/22,141018.0,1.0338473312888394,1.053121772037191,1.0278028820487353,1.0324303085161928,1.033002145646129,1.04723453211358,1.0215875636201048,222040.2857142857,214224.08163265305,-4805.71428571429
2022/8/23,208516.0,1.029229605426761,1.0320868648117505,1.0172011007368704,1.0507563017230948,1.035842193474492,1.0140906054674992,1.010314419449468,212236.42857142858,209418.36734693876,-6812.428571428551
2022/8/24,243451.0,1.0353986049348605,1.0015720494567668,1.0031926497125103,1.0573599782130096,1.0314188017107928,0.9859376610621854,0.993677462841744,201790.2857142857,202605.9387755102,-8560.57142857145
2022/8/25,220917.0,0.9856604185189366,0.9761077122946016,0.984731815377758,1.04723453211358,1.0215875636201048,0.9633035582451728,0.9735039811739136,192027.42857142858,194045.36734693876,-9304.612244897959
2022/8/26,192377.0,0.93503697274735,0.9597975443975114,0.9644253199887334,1.0140906054674992,1.010314419449468,0.953518299321734,0.9532650177485196,185581.7142857143,184740.7551020408,-9203.775510204054
2022/8/27,180125.0,0.9088003335302088,0.9448765040170334,0.9460982259274228,0.9859376610621854,0.993677462841744,0.9342976054690256,0.9372233399283044,177583.57142857142,175536.97959183675,-8875.816326530621
2022/8/28,157788.0,0.904780719615254,0.9255602606294524,0.93174820035094,0.9633035582451728,0.9735039811739136,0.9161456065381964,0.9249737421848768,167057.85714285713,166661.16326530612,-8501.673469387752
2022/8/29,95898.0,0.919676156009209,0.9109763043140172,0.9208675020342134,0.953518299321734,0.9532650177485196,0.905561788135824,0.9158504970701346,156908.0,158159.48979591837,-8149.816326530621
2022/8/30,152529.0,0.9247823227634148,0.9037972063825764,0.9123301870389022,0.9342976054690256,0.9372233399283044,0.9017988607259932,0.9082583826419164,147810.0,150009.67346938775,-7830.775510204054
2022/8/31,169771.0,0.9001849012217953,0.9011218704213884,0.9059583232052836,0.9161456065381964,0.9249737421848768,0.9001904768581925,0.9033446943294472,139659.57142857142,142178.8979591837,-7143.428571428609
2022/9/1,149868.0,0.8835727243108878,0.8999428240775141,0.9025603346130217,0.905561788135824,0.9158504970701346,0.8994408424419773,0.9015186736607992,132515.7142857143,135035.4693877551,-6458.28571428571
2022/9/2,128691.0,0.8847832872272652,0.900036339430334,0.9017819404119152,0.9017988607259932,0.9082583826419164,0.9003734983242042,0.9017908589975728,128533.0,128577.18367346938,-5754.836734693876
2022/9/3,123072.0,0.890072981801893,0.9002734571817027,0.9027193505139428,0.9001904768581925,0.9033446943294472,0.8999017872817443,0.9034049685344208,122768.14285714286,122822.3469387755,-5209.897959183669
2022/9/4,107781.0,0.896527395208134,0.9017743404836188,0.9047275915287776,0.8994408424419773,0.9015186736607992,0.9033634618576586,0.9058300688110854,117053.85714285714,117612.44897959183,-4726.306122448979
2022/9/5,68019.0,0.9203307634789494,0.9055275449062714,0.9074796263728354,0.9003734983242042,0.9017908589975728,0.9074670854932396,0.9089400928994208,111700.0,112886.14285714286,-4465.959183673476
2022/9/6,112175.0,0.9264421470229944,0.910359077096771,0.9106735913913464,0.8999017872817443,0.9034049685344208,0.9130976274839292,0.912238746244893,107526.14285714286,108420.18367346938,-4145.0
2022/9/7,129771.0,0.9106910843352068,0.9151795575252328,0.9141693751781668,0.9033634618576586,0.9058300688110854,0.9171661787948444,0.9159463247557016,103190.28571428571,104275.18367346938,-3931.1632653061097
2022/9/8,112391.0,0.9098451552694568,0.9192070679859174,0.9176504036162288,0.9074670854932396,0.9089400928994208,0.921211011060324,0.9192212101229305,99431.57142857143,100344.02040816327,-3707.959183673476
2022/9/9,99474.0,0.9186040125607626,0.9223940945599116,0.9206917885444492,0.9130976274839292,0.912238746244893,0.923464071742511,0.9220441222262415,97271.28571428571,96636.0612244898,-3592.1632653061242
2022/9/10,92721.0,0.9238163448011256,0.9247439436894448,0.9230733001555016,0.9171661787948444,0.9159463247557016,0.925854836857405,0.9239895759417992,93753.14285714286,93043.89795918367,-3416.7755102040683
2022/9/11,81470.0,0.924719968432926,0.926141539550052,0.9247806629492912,0.921211011060324,0.9192212101229305,0.92628765942826,0.9254559848095304,89535.71428571429,89627.1224489796,-3235.9795918367454
2022/9/12,52897.0,0.9426399494969072,0.9268172394038156,0.9260613933368592,0.923464071742511,0.9220441222262415,0.9272274702164176,0.926539642930123,85744.28571428571,86391.14285714286,-3230.4081632653106
2022/9/13,87548.0,0.9428910909297276,0.9270296583741368,0.9268694997472146,0.925854836857405,0.9239895759417992,0.9267158034928332,0.9270722322511612,82381.0,83160.73469387754,-3866.7959183673374
2022/9/14,100249.0,0.9204742553594586,0.9271310970817596,0.9258243630472728,0.92628765942826,0.9254559848095304,0.927431040868962,0.9244145367653828,79272.85714285714,79293.9387755102,-3885.28571428571
2022/9/15,85851.0,0.9145750542458004,0.928172180698893,0.9228349037726568,0.9272274702164176,0.926539642930123,0.9287966179044724,0.9209057677511856,76779.71428571429,75408.6530612245,-3516.71428571429
2022/9/16,75931.0,0.9200909453530116,0.9280508394323996,0.9197912485169474,0.9267158034928332,0.9270722322511612,0.9271921969897776,0.9181359009675438,74658.42857142857,71891.9387755102,-3282.8163265306066
2022/9/17,70964.0,0.924526415754486,0.9174279867898516,0.9173864027921036,0.927431040868962,0.9244145367653828,0.9072509684569554,0.9158612054478164,66685.57142857143,68609.1224489796,-3487.0816326530694
2022/9/18,64018.0,0.9320075537528592,0.9052153246277403,0.9144160227332532,0.9287966179044724,0.9209057677511856,0.9017262763288808,0.9119685839994556,62338.71428571428,65122.04081632653,-3483.0
2022/9/19,38048.0,0.9417905606314536,0.9055116526138496,0.910278683586254,0.9271921969897776,0.9181359009675438,0.9078384027309254,0.9073672612167708,61127.28571428572,61639.04081632653,-3067.4081632653106
2022/9/20,31738.0,0.8685311224318923,0.9101957383002304,0.9067229188543366,0.9072509684569554,0.9158612054478164,0.9107929348547402,0.9045762616800322,59401.28571428572,58571.63265306122,-1751.6734693877515
2022/9/21,69821.0,0.8349856202246804,0.9063384366698076,0.908156492057534,0.9017262763288808,0.9119685839994556,0.9001826907304359,0.9097689519369486,54863.28571428572,56819.95918367347,-1539.5102040816273
2022/9/22,77371.0,0.916649350148565,0.8992108066698993,0.9140790639124392,0.9078384027309254,0.9073672612167708,0.8965873584256803,0.9162676199266891,52398.71428571428,55280.44897959184,-2084.367346938787
2022/9/23,63849.0,0.9528795451576756,0.9031604863089778,0.9187027717934692,0.9107929348547402,0.9045762616800322,0.9076552002326088,0.918724887566877,53186.57142857143,53196.081632653055,-2392.4489795918344
2022/9/24,39198.0,0.8975253043415262,0.9274629992122324,0.920093203068248,0.9001826907304359,0.9097689519369486,0.9435998002553694,0.9185706086575404,54423.857142857145,50803.63265306122,-1821.3061224489793
2022/9/25,46766.0,0.8821141437535022,0.946673327612078,0.9221865277846432,0.8965873584256803,0.9162676199266891,0.9472169522570656,0.9224336378093152,51562.142857142855,48982.32653061224,-1821.7959183673447
2022/9/26,43563.0,0.969438318105004,0.9378776077810586,0.9262647212057636,0.9076552002326088,0.918724887566877,0.92503927621224,0.926265383333864,46536.71428571428,47160.5306122449,-2513.5102040816346
2022/9/27,40399.0,1.038648712754675,0.9199287572236824,0.927241806303788,0.9435998002553694,0.9185706086575404,0.9097129824893831,0.9239680283342296,42654.142857142855,44647.02040816326,-2707.6530612244896
2022/9/28,49789.0,0.9694579190235988,0.9209917096845734,0.9218087993587724,0.9472169522570656,0.9224336378093152,0.9272238947928606,0.9155778255994316,42114.142857142855,41939.36734693877,-2477.3061224489866
2022/9/29,42193.0,0.8550793113314277,0.9277581606177429,0.9134686473130812,0.92503927621224,0.926265383333864,0.9234095770975216,0.9073284425323188,39646.142857142855,39462.061224489786,-1937.1428571428478
2022/9/30,36671.0,0.8272375912560433,0.9100000819951476,0.9079078919182788,0.9097129824893831,0.9239680283342296,0.8915737152351666,0.904647973451145,35592.0,37524.91836734694,-1521.7755102040828
2022/10/1,35418.0,0.9049659715677636,0.8894319505971241,0.907113519964966,0.9272238947928606,0.9155778255994316,0.8848683811117842,0.9062866619200972,35470.28571428572,36003.142857142855,-1621.306122448972
2022/10/2,29490.0,0.9294793002856864,0.8882922632922405,0.90673801312309,0.9234095770975216,0.9073284425323188,0.8894712707872744,0.9044247904553042,34221.0,34381.83673469388,-1405.3061224489866
2022/10/3,15184.0,0.8451317677468376,0.8989523200174425,0.9054367285750008,0.8915737152351666,0.904647973451145,0.9062759926440236,0.9041877473017584,32976.71428571428,32976.5306122449,-869.8775510204068
2022/10/4,39547.0,0.8946717929685107,0.9143681535504912,0.908995637879517,0.8848683811117842,0.9062866619200972,0.9211838017720512,0.9122203603784008,32001.714285714286,32106.65306122449,-1391.7551020408173
2022/10/5,41044.0,0.9614801078894134,0.9183631617914406,0.9148484281070712,0.8894712707872744,0.9044247904553042,0.914190794539308,0.9161442628908236,30765.0,30714.897959183672,-1122.2448979591827
2022/10/6,33483.0,0.9296997084078424,0.9186491687811188,0.9194797826160028,0.9062759926440236,0.9041877473017584,0.9217502750227023,0.921676442255136,29809.0,29592.65306122449,-695.3673469387759
2022/10/7,29846.0,0.9351484259873846,0.9349124471267606,0.9259117602713546,0.9211838017720512,0.9122203603784008,0.9478020067716624,0.9286934295556016,29502.85714285714,28897.285714285714,-418.1428571428514
2022/10/8,26761.0,0.932931029254409,0.9304014821900048,0.9335622223902236,0.914190794539308,0.9161442628908236,0.9123356986987436,0.9360909218629458,25728.0,28479.142857142862,-70.51020408163822
2022/10/9,22798.0,0.931481349213435,0.9207117448547608,0.9435806141773628,0.9217502750227023,0.921676442255136,0.9281965263374606,0.9476907653686376,26365.285714285714,28408.632653061224,206.1428571428587
2022/10/10,13041.0,0.95897471616633,0.9439761636049048,0.9564847710051592,0.9478020067716624,0.9286934295556016,0.9553949037472834,0.960811897640042,28109.14285714286,28614.775510204083,
2022/10/11,13123.0,0.863095038411218,0.967921388382574,,0.9123356986987436,0.9360909218629458,0.9729662479234598,,29074.714285714286,,
2022/10/12,45505.0,0.8936519465427077,0.9884919043014164,,0.9281965263374606,0.9476907653686376,0.9953896990791506,,30271.428571428572,,
2022/10/13,45690.0,1.092550639658849,1.0089782665756934,,0.9553949037472834,0.960811897640042,1.0135982009225346,,31252.0,,
2022/10/14,36605.0,1.10276499943107,,,0.9729662479234598,,,,,,
2022/10/15,35138.0,1.0769246406863044,,,0.9953896990791506,,,,,,
2022/10/16,29662.0,1.0748858851333756,,,1.0135982009225346,,,,,,
